bandwidth,iops
610056,9532.129972
612854,9575.856163
618645,9666.338448
669208,10456.377579
682007,10656.36169
