bandwidth,iops
620838,9700.593928
618520,9664.389571
616767,9636.98828
663910,10373.608327
671015,10484.613245
