bandwidth,iops
526340,8224.065019
527885,8248.21513
529018,8265.912922
525904,8217.257635
540154,8439.914239
