bandwidth,iops
528187,8252.933893
529455,8272.740004
527855,8247.744767
527892,8248.320564
588143,9189.737118
