bandwidth,iops
619639,9681.874002
612706,9573.539322
613603,9587.550346
608995,9515.559501
613350,9583.601667
