bandwidth,iops
655639,10244.364359
612906,9576.659668
656302,10254.733669
677503,10585.996151
628725,9823.830313
