bandwidth,iops
528576,8259.003586
528967,8265.122931
528364,8255.699494
527206,8237.604472
526802,8231.291556
