bandwidth,iops
549772,8590.198483
522432,8163.003004
522765,8168.217246
