bandwidth,iops
616482,9632.545263
611411,9553.303811
683525,10680.09093
611211,9550.176918
616069,9626.078954
