bandwidth,iops
529180,8268.446797
529571,8274.555662
550085,8595.083391
529288,8270.134193
528885,8263.832395
