bandwidth,iops
618813,9668.962322
673843,10528.803063
613302,9582.846258
609314,9520.532694
611167,9549.486559
